{
  "project_info": {
    "project_number": "118914551340",
    "project_id": "project-61cc9",
    "storage_bucket": "project-61cc9.appspot.com"
  },
  "client": [
    {
      "client_info": {
        "mobilesdk_app_id": "1:118914551340:android:a04aff32d07ce70e678b89",
        "android_client_info": {
          "package_name": "com.example.draft_1"
        }
      },
      "oauth_client": [],
      "api_key": [
        {
          "current_key": "AIzaSyDVmi1TZOyJJwKmsRS7SV3iVWtPoyWEXts"
        }
      ],
      "services": {
        "appinvite_service": {
          "other_platform_oauth_client": []
        }
      }
    }
  ],
  "configuration_version": "1"
}